plotName,treatmentName,mean ndvi,max crop height m nir-based
G8,N/A,0.7872094511985779,2.0496454662221595
G6,N/A,0.8390607833862305,0.9855032938617683
G9,N/A,0.8414210081100464,0.9886637249353498
G5,N/A,0.844352662563324,
G13,N/A,0.84420245885849,
G8,N/A,0.7872094511985779,2.0496454662221595
G13,N/A,0.84420245885849,
G15,N/A,0.8286562561988831,1.009122607227539
G16,N/A,0.7665879130363464,0.9319826083797693
G6,N/A,0.8390607833862305,0.9855032938617683
G1,N/A,0.7389230132102966,
G15,N/A,0.8286562561988831,1.009122607227539
G18,N/A,0.7470133304595947,0.9856481359863665
G14,N/A,0.8547928929328918,0.8910718427738402
G9,N/A,0.8414210081100464,0.9886637249353498
G17,N/A,0.8290091753005981,1.9290267257978826
G1,N/A,0.7389230132102966,
G11,N/A,0.8556041121482849,0
G15,N/A,0.8286562561988831,1.009122607227539
G14,N/A,0.8547928929328918,0.8910718427738402
G17,N/A,0.8290091753005981,1.9290267257978826
G8,N/A,0.7872094511985779,2.0496454662221595
G9,N/A,0.8414210081100464,0.9886637249353498
G18,N/A,0.7470133304595947,0.9856481359863665
G14,N/A,0.8547928929328918,0.8910718427738402
G13,N/A,0.84420245885849,
G11,N/A,0.8556041121482849,0
G16,N/A,0.7665879130363464,0.9319826083797693
G14,N/A,0.8547928929328918,0.8910718427738402
G7,N/A,0.8336222171783447,
G10,N/A,0.8384546041488647,
G7,N/A,0.8336222171783447,
G6,N/A,0.8390607833862305,0.9855032938617683
G9,N/A,0.8414210081100464,0.9886637249353498
G11,N/A,0.8556041121482849,0
G12,N/A,0.8239923715591431,0.993806956108017
G16,N/A,0.7665879130363464,0.9319826083797693
G2,N/A,0.8417955636978149,0.8724204179214325
G3,N/A,0.754344642162323,1.0212479851145417
G13,N/A,0.84420245885849,
G12,N/A,0.8239923715591431,0.993806956108017
G1,N/A,0.7389230132102966,
G6,N/A,0.8390607833862305,0.9855032938617683
G4,N/A,0.811638355255127,1.006546928626335
G4,N/A,0.811638355255127,1.006546928626335
G10,N/A,0.8384546041488647,
G12,N/A,0.8239923715591431,0.993806956108017
G17,N/A,0.8290091753005981,1.9290267257978826
G17,N/A,0.8290091753005981,1.9290267257978826
G1,N/A,0.7389230132102966,
G4,N/A,0.811638355255127,1.006546928626335
G10,N/A,0.8384546041488647,
G7,N/A,0.8336222171783447,
G10,N/A,0.8384546041488647,
G8,N/A,0.7872094511985779,2.0496454662221595
G3,N/A,0.754344642162323,1.0212479851145417
G2,N/A,0.8417955636978149,0.8724204179214325
G15,N/A,0.8286562561988831,1.009122607227539
G13,N/A,0.84420245885849,
G4,N/A,0.811638355255127,1.006546928626335
G18,N/A,0.7470133304595947,0.9856481359863665
G2,N/A,0.8417955636978149,0.8724204179214325
G6,N/A,0.8390607833862305,0.9855032938617683
G2,N/A,0.8417955636978149,0.8724204179214325
G7,N/A,0.8336222171783447,
G5,N/A,0.844352662563324,
G3,N/A,0.754344642162323,1.0212479851145417
G18,N/A,0.7470133304595947,0.9856481359863665
G5,N/A,0.844352662563324,
G12,N/A,0.8239923715591431,0.993806956108017
G16,N/A,0.7665879130363464,0.9319826083797693
G17,N/A,0.8290091753005981,1.9290267257978826
G5,N/A,0.844352662563324,
G11,N/A,0.8556041121482849,0
G7,N/A,0.8336222171783447,
G5,N/A,0.844352662563324,
G10,N/A,0.8384546041488647,
G1,N/A,0.7389230132102966,
G3,N/A,0.754344642162323,1.0212479851145417
G4,N/A,0.811638355255127,1.006546928626335
G3,N/A,0.754344642162323,1.0212479851145417
G9,N/A,0.8414210081100464,0.9886637249353498
G11,N/A,0.8556041121482849,0
G18,N/A,0.7470133304595947,0.9856481359863665
G8,N/A,0.7872094511985779,2.0496454662221595
G2,N/A,0.8417955636978149,0.8724204179214325
G14,N/A,0.8547928929328918,0.8910718427738402
G12,N/A,0.8239923715591431,0.993806956108017
G16,N/A,0.7665879130363464,0.9319826083797693
G15,N/A,0.8286562561988831,1.009122607227539
1154,B.carinata,0.8313698768615723,0.27338468122536597
1311,B.carinata,0.8393587470054626,0.37536268106163106
1311,B.carinata,0.8393587470054626,0.37536268106163106
1154,B.carinata,0.8313698768615723,0.27338468122536597
1154,B.carinata,0.8313698768615723,0.27338468122536597
1154,B.carinata,0.8313698768615723,0.27338468122536597
1223,B.carinata,0.8293175101280212,
1223,B.carinata,0.8293175101280212,
1223,B.carinata,0.8293175101280212,
1311,B.carinata,0.8393587470054626,0.37536268106163106
1223,B.carinata,0.8293175101280212,
1311,B.carinata,0.8393587470054626,0.37536268106163106
1223,B.carinata,0.8293175101280212,
1154,B.carinata,0.8313698768615723,0.27338468122536597
1311,B.carinata,0.8393587470054626,0.37536268106163106
1205,B.juncea,0.7859139442443848,0.7097377840453873
1116,B.juncea,0.7968717217445374,0.6496907945438579
1336,B.juncea,0.8162733912467957,0.9103230173445809
1205,B.juncea,0.7859139442443848,0.7097377840453873
1205,B.juncea,0.7859139442443848,0.7097377840453873
1336,B.juncea,0.8162733912467957,0.9103230173445809
1205,B.juncea,0.7859139442443848,0.7097377840453873
1116,B.juncea,0.7968717217445374,0.6496907945438579
1205,B.juncea,0.7859139442443848,0.7097377840453873
1116,B.juncea,0.7968717217445374,0.6496907945438579
1336,B.juncea,0.8162733912467957,0.9103230173445809
1116,B.juncea,0.7968717217445374,0.6496907945438579
1336,B.juncea,0.8162733912467957,0.9103230173445809
1116,B.juncea,0.7968717217445374,0.6496907945438579
1336,B.juncea,0.8162733912467957,0.9103230173445809
1204,NAM-38,0.8197752833366394,0.8451617606027639
1132,NAM-38,0.8199523091316223,1.6600094993899006
1132,NAM-38,0.8199523091316223,1.6600094993899006
1204,NAM-38,0.8197752833366394,0.8451617606027639
1132,NAM-38,0.8199523091316223,1.6600094993899006
1204,NAM-38,0.8197752833366394,0.8451617606027639
1204,NAM-38,0.8197752833366394,0.8451617606027639
1327,NAM-38,0.8060711026191711,0.5903820623590832
1327,NAM-38,0.8060711026191711,0.5903820623590832
1327,NAM-38,0.8060711026191711,0.5903820623590832
1132,NAM-38,0.8199523091316223,1.6600094993899006
1204,NAM-38,0.8197752833366394,0.8451617606027639
1327,NAM-38,0.8060711026191711,0.5903820623590832
1132,NAM-38,0.8199523091316223,1.6600094993899006
1327,NAM-38,0.8060711026191711,0.5903820623590832
1356,NAM-78,0.8131688237190247,1.1519264821855586
1201,NAM-78,0.837590754032135,0.5962836548870314
1124,NAM-78,0.8320037126541138,0.9441602658640704
1356,NAM-78,0.8131688237190247,1.1519264821855586
1356,NAM-78,0.8131688237190247,1.1519264821855586
1356,NAM-78,0.8131688237190247,1.1519264821855586
1201,NAM-78,0.837590754032135,0.5962836548870314
1201,NAM-78,0.837590754032135,0.5962836548870314
1356,NAM-78,0.8131688237190247,1.1519264821855586
1201,NAM-78,0.837590754032135,0.5962836548870314
1201,NAM-78,0.837590754032135,0.5962836548870314
1124,NAM-78,0.8320037126541138,0.9441602658640704
1124,NAM-78,0.8320037126541138,0.9441602658640704
1124,NAM-78,0.8320037126541138,0.9441602658640704
1124,NAM-78,0.8320037126541138,0.9441602658640704
1114,NAM-15,0.8257452845573425,1.0549315448393486
1114,NAM-15,0.8257452845573425,1.0549315448393486
1313,NAM-15,0.8420524001121521,0.7394546952453993
1203,NAM-15,0.8248202800750732,0.6662279242049749
1203,NAM-15,0.8248202800750732,0.6662279242049749
1313,NAM-15,0.8420524001121521,0.7394546952453993
1313,NAM-15,0.8420524001121521,0.7394546952453993
1114,NAM-15,0.8257452845573425,1.0549315448393486
1203,NAM-15,0.8248202800750732,0.6662279242049749
1203,NAM-15,0.8248202800750732,0.6662279242049749
1114,NAM-15,0.8257452845573425,1.0549315448393486
1203,NAM-15,0.8248202800750732,0.6662279242049749
1114,NAM-15,0.8257452845573425,1.0549315448393486
1313,NAM-15,0.8420524001121521,0.7394546952453993
1313,NAM-15,0.8420524001121521,0.7394546952453993
1233,NAM-30,0.8418658375740051,0.761947518412228
S1233,NAM-30,0.8399863839149475,
1233,NAM-30,0.8418658375740051,0.761947518412228
S1138,NAM-30,0.8174127340316772,0.5661727981194531
1233,NAM-30,0.8418658375740051,0.761947518412228
1325,NAM-30,0.8160473108291626,0.30380382376722537
1325,NAM-30,0.8160473108291626,0.30380382376722537
S1325,NAM-30,0.8112584352493286,0.2449055993279785
1138,NAM-30,0.8062924742698669,0.44981264935870513
S1233,NAM-30,0.8399863839149475,
S1138,NAM-30,0.8174127340316772,0.5661727981194531
1138,NAM-30,0.8062924742698669,0.44981264935870513
S1325,NAM-30,0.8112584352493286,0.2449055993279785
1233,NAM-30,0.8418658375740051,0.761947518412228
1325,NAM-30,0.8160473108291626,0.30380382376722537
S1233,NAM-30,0.8399863839149475,
S1325,NAM-30,0.8112584352493286,0.2449055993279785
S1325,NAM-30,0.8112584352493286,0.2449055993279785
1325,NAM-30,0.8160473108291626,0.30380382376722537
S1233,NAM-30,0.8399863839149475,
1325,NAM-30,0.8160473108291626,0.30380382376722537
1138,NAM-30,0.8062924742698669,0.44981264935870513
S1325,NAM-30,0.8112584352493286,0.2449055993279785
S1138,NAM-30,0.8174127340316772,0.5661727981194531
1138,NAM-30,0.8062924742698669,0.44981264935870513
S1138,NAM-30,0.8174127340316772,0.5661727981194531
1233,NAM-30,0.8418658375740051,0.761947518412228
1138,NAM-30,0.8062924742698669,0.44981264935870513
S1233,NAM-30,0.8399863839149475,
S1138,NAM-30,0.8174127340316772,0.5661727981194531
S1242,NAM-17,0.8341284990310669,0.23884551782526842
1111,NAM-17,0.8189385533332825,
S1242,NAM-17,0.8341284990310669,0.23884551782526842
1111,NAM-17,0.8189385533332825,
S1330,NAM-17,0.8341993093490601,0.6367098906281967
S1111,NAM-17,0.8171401619911194,0.8450817600165124
S1330,NAM-17,0.8341993093490601,0.6367098906281967
1111,NAM-17,0.8189385533332825,
1330,NAM-17,0.8016301393508911,
S1111,NAM-17,0.8171401619911194,0.8450817600165124
1330,NAM-17,0.8016301393508911,
S1111,NAM-17,0.8171401619911194,0.8450817600165124
S1242,NAM-17,0.8341284990310669,0.23884551782526842
1242,NAM-17,0.8393580913543701,0.29398933114907777
1242,NAM-17,0.8393580913543701,0.29398933114907777
S1111,NAM-17,0.8171401619911194,0.8450817600165124
1111,NAM-17,0.8189385533332825,
S1330,NAM-17,0.8341993093490601,0.6367098906281967
1242,NAM-17,0.8393580913543701,0.29398933114907777
1330,NAM-17,0.8016301393508911,
S1330,NAM-17,0.8341993093490601,0.6367098906281967
1330,NAM-17,0.8016301393508911,
1242,NAM-17,0.8393580913543701,0.29398933114907777
S1242,NAM-17,0.8341284990310669,0.23884551782526842
1330,NAM-17,0.8016301393508911,
1111,NAM-17,0.8189385533332825,
S1111,NAM-17,0.8171401619911194,0.8450817600165124
S1242,NAM-17,0.8341284990310669,0.23884551782526842
1242,NAM-17,0.8393580913543701,0.29398933114907777
S1330,NAM-17,0.8341993093490601,0.6367098906281967
1309,NAM-39,0.8364317417144775,1.60198479920939
1309,NAM-39,0.8364317417144775,1.60198479920939
1208,NAM-39,0.800631046295166,0.6109517657303627
1309,NAM-39,0.8364317417144775,1.60198479920939
1208,NAM-39,0.800631046295166,0.6109517657303627
1148,NAM-39,0.8221485018730164,0.6997058934456959
1208,NAM-39,0.800631046295166,0.6109517657303627
1309,NAM-39,0.8364317417144775,1.60198479920939
1148,NAM-39,0.8221485018730164,0.6997058934456959
1208,NAM-39,0.800631046295166,0.6109517657303627
1148,NAM-39,0.8221485018730164,0.6997058934456959
1148,NAM-39,0.8221485018730164,0.6997058934456959
1208,NAM-39,0.800631046295166,0.6109517657303627
1309,NAM-39,0.8364317417144775,1.60198479920939
1148,NAM-39,0.8221485018730164,0.6997058934456959
S1206,NAM-46,0.8331279754638672,0.4021798302857178
S1101,NAM-46,0.8241876363754272,0.6084865638237034
1101,NAM-46,0.8260074853897095,
1206,NAM-46,0.8255478739738464,0.39929070227077545
S1206,NAM-46,0.8331279754638672,0.4021798302857178
1306,NAM-46,0.8466575741767883,0.8103489916601347
1206,NAM-46,0.8255478739738464,0.39929070227077545
S1206,NAM-46,0.8331279754638672,0.4021798302857178
S1306,NAM-46,0.8421170115470886,0.7590994422715198
S1306,NAM-46,0.8421170115470886,0.7590994422715198
S1306,NAM-46,0.8421170115470886,0.7590994422715198
1306,NAM-46,0.8466575741767883,0.8103489916601347
1101,NAM-46,0.8260074853897095,
1101,NAM-46,0.8260074853897095,
1206,NAM-46,0.8255478739738464,0.39929070227077545
S1101,NAM-46,0.8241876363754272,0.6084865638237034
S1101,NAM-46,0.8241876363754272,0.6084865638237034
1306,NAM-46,0.8466575741767883,0.8103489916601347
S1101,NAM-46,0.8241876363754272,0.6084865638237034
1101,NAM-46,0.8260074853897095,
S1206,NAM-46,0.8331279754638672,0.4021798302857178
S1206,NAM-46,0.8331279754638672,0.4021798302857178
S1306,NAM-46,0.8421170115470886,0.7590994422715198
1306,NAM-46,0.8466575741767883,0.8103489916601347
1206,NAM-46,0.8255478739738464,0.39929070227077545
1101,NAM-46,0.8260074853897095,
S1306,NAM-46,0.8421170115470886,0.7590994422715198
1206,NAM-46,0.8255478739738464,0.39929070227077545
S1101,NAM-46,0.8241876363754272,0.6084865638237034
1306,NAM-46,0.8466575741767883,0.8103489916601347
1209,NAM-29,0.8065128922462463,0.6993490077119873
1209,NAM-29,0.8065128922462463,0.6993490077119873
1324,NAM-29,0.7929300665855408,0.5630897977191012
1126,NAM-29,0.8042710423469543,0.7875351779336484
1209,NAM-29,0.8065128922462463,0.6993490077119873
1324,NAM-29,0.7929300665855408,0.5630897977191012
1209,NAM-29,0.8065128922462463,0.6993490077119873
1324,NAM-29,0.7929300665855408,0.5630897977191012
1324,NAM-29,0.7929300665855408,0.5630897977191012
1126,NAM-29,0.8042710423469543,0.7875351779336484
1126,NAM-29,0.8042710423469543,0.7875351779336484
1126,NAM-29,0.8042710423469543,0.7875351779336484
1126,NAM-29,0.8042710423469543,0.7875351779336484
1209,NAM-29,0.8065128922462463,0.6993490077119873
1324,NAM-29,0.7929300665855408,0.5630897977191012
S1117,NAM-72,0.8195035457611084,1.1461757544141165
1355,NAM-72,0.8281391263008118,0.8296930722509046
S1355,NAM-72,0.8227269053459167,0.8019487074944891
1117,NAM-72,0.815093994140625,0.5539576105949209
S1355,NAM-72,0.8227269053459167,0.8019487074944891
S1355,NAM-72,0.8227269053459167,0.8019487074944891
S1238,NAM-72,0.8536435961723328,0.3580654331957476
S1355,NAM-72,0.8227269053459167,0.8019487074944891
S1355,NAM-72,0.8227269053459167,0.8019487074944891
1355,NAM-72,0.8281391263008118,0.8296930722509046
1238,NAM-72,0.8491145968437195,
1238,NAM-72,0.8491145968437195,
S1117,NAM-72,0.8195035457611084,1.1461757544141165
S1117,NAM-72,0.8195035457611084,1.1461757544141165
1355,NAM-72,0.8281391263008118,0.8296930722509046
S1117,NAM-72,0.8195035457611084,1.1461757544141165
1238,NAM-72,0.8491145968437195,
S1238,NAM-72,0.8536435961723328,0.3580654331957476
1238,NAM-72,0.8491145968437195,
1117,NAM-72,0.815093994140625,0.5539576105949209
1238,NAM-72,0.8491145968437195,
S1238,NAM-72,0.8536435961723328,0.3580654331957476
S1117,NAM-72,0.8195035457611084,1.1461757544141165
1117,NAM-72,0.815093994140625,0.5539576105949209
S1238,NAM-72,0.8536435961723328,0.3580654331957476
1117,NAM-72,0.815093994140625,0.5539576105949209
1117,NAM-72,0.815093994140625,0.5539576105949209
1355,NAM-72,0.8281391263008118,0.8296930722509046
S1238,NAM-72,0.8536435961723328,0.3580654331957476
1355,NAM-72,0.8281391263008118,0.8296930722509046
1303,NAM-10,0.8379127383232117,0.5571962734428553
1141,NAM-10,0.8492462038993835,1.0231432615492508
1141,NAM-10,0.8492462038993835,1.0231432615492508
1303,NAM-10,0.8379127383232117,0.5571962734428553
1303,NAM-10,0.8379127383232117,0.5571962734428553
1245,NAM-10,0.8438988924026489,
1303,NAM-10,0.8379127383232117,0.5571962734428553
1245,NAM-10,0.8438988924026489,
1141,NAM-10,0.8492462038993835,1.0231432615492508
1245,NAM-10,0.8438988924026489,
1245,NAM-10,0.8438988924026489,
1141,NAM-10,0.8492462038993835,1.0231432615492508
1245,NAM-10,0.8438988924026489,
1141,NAM-10,0.8492462038993835,1.0231432615492508
1303,NAM-10,0.8379127383232117,0.5571962734428553
1120,NAM-12,0.8302095532417297,0.22703304817252956
1335,NAM-12,0.8373864889144897,0.5273592577328259
1120,NAM-12,0.8302095532417297,0.22703304817252956
1120,NAM-12,0.8302095532417297,0.22703304817252956
1252,NAM-12,0.8157713413238525,0.43804632032697555
1335,NAM-12,0.8373864889144897,0.5273592577328259
1120,NAM-12,0.8302095532417297,0.22703304817252956
1335,NAM-12,0.8373864889144897,0.5273592577328259
1335,NAM-12,0.8373864889144897,0.5273592577328259
1335,NAM-12,0.8373864889144897,0.5273592577328259
1252,NAM-12,0.8157713413238525,0.43804632032697555
1252,NAM-12,0.8157713413238525,0.43804632032697555
1252,NAM-12,0.8157713413238525,0.43804632032697555
1252,NAM-12,0.8157713413238525,0.43804632032697555
1120,NAM-12,0.8302095532417297,0.22703304817252956
1113,NAM-65,0.8366213440895081,0.36084969511966847
1210,NAM-65,0.8561251759529114,0.7282987425224405
1347,NAM-65,0.8467921614646912,0.8390524394620229
1113,NAM-65,0.8366213440895081,0.36084969511966847
1347,NAM-65,0.8467921614646912,0.8390524394620229
1113,NAM-65,0.8366213440895081,0.36084969511966847
1210,NAM-65,0.8561251759529114,0.7282987425224405
1210,NAM-65,0.8561251759529114,0.7282987425224405
1347,NAM-65,0.8467921614646912,0.8390524394620229
1210,NAM-65,0.8561251759529114,0.7282987425224405
1113,NAM-65,0.8366213440895081,0.36084969511966847
1347,NAM-65,0.8467921614646912,0.8390524394620229
1347,NAM-65,0.8467921614646912,0.8390524394620229
1210,NAM-65,0.8561251759529114,0.7282987425224405
1113,NAM-65,0.8366213440895081,0.36084969511966847
1118,NAM-45,0.8061127066612244,2.560944926921536
1118,NAM-45,0.8061127066612244,2.560944926921536
1328,NAM-45,0.827559769153595,0.830753134956467
1328,NAM-45,0.827559769153595,0.830753134956467
1224,NAM-45,0.8229071497917175,
1224,NAM-45,0.8229071497917175,
1328,NAM-45,0.827559769153595,0.830753134956467
1224,NAM-45,0.8229071497917175,
1118,NAM-45,0.8061127066612244,2.560944926921536
1118,NAM-45,0.8061127066612244,2.560944926921536
1224,NAM-45,0.8229071497917175,
1328,NAM-45,0.827559769153595,0.830753134956467
1224,NAM-45,0.8229071497917175,
1118,NAM-45,0.8061127066612244,2.560944926921536
1328,NAM-45,0.827559769153595,0.830753134956467
1219,NAM-49,0.8231743574142456,0.8970914636039424
1333,NAM-49,0.8285284042358398,1.2223578964324702
1333,NAM-49,0.8285284042358398,1.2223578964324702
1333,NAM-49,0.8285284042358398,1.2223578964324702
1125,NAM-49,0.8254483342170715,
1125,NAM-49,0.8254483342170715,
1125,NAM-49,0.8254483342170715,
1125,NAM-49,0.8254483342170715,
1125,NAM-49,0.8254483342170715,
1333,NAM-49,0.8285284042358398,1.2223578964324702
1219,NAM-49,0.8231743574142456,0.8970914636039424
1219,NAM-49,0.8231743574142456,0.8970914636039424
1333,NAM-49,0.8285284042358398,1.2223578964324702
1219,NAM-49,0.8231743574142456,0.8970914636039424
1219,NAM-49,0.8231743574142456,0.8970914636039424
1234,NAM-36,0.7968361377716064,0.8665056276448126
1349,NAM-36,0.7324838638305664,0.8576377144509593
1121,NAM-36,0.764461100101471,1.4970851097079958
1234,NAM-36,0.7968361377716064,0.8665056276448126
1121,NAM-36,0.764461100101471,1.4970851097079958
1234,NAM-36,0.7968361377716064,0.8665056276448126
1234,NAM-36,0.7968361377716064,0.8665056276448126
1349,NAM-36,0.7324838638305664,0.8576377144509593
1349,NAM-36,0.7324838638305664,0.8576377144509593
1121,NAM-36,0.764461100101471,1.4970851097079958
1349,NAM-36,0.7324838638305664,0.8576377144509593
1121,NAM-36,0.764461100101471,1.4970851097079958
1121,NAM-36,0.764461100101471,1.4970851097079958
1349,NAM-36,0.7324838638305664,0.8576377144509593
1234,NAM-36,0.7968361377716064,0.8665056276448126
1307,NAM-31,0.8415522575378418,0.35313294151603714
1307,NAM-31,0.8415522575378418,0.35313294151603714
1151,NAM-31,0.817559540271759,
1307,NAM-31,0.8415522575378418,0.35313294151603714
1307,NAM-31,0.8415522575378418,0.35313294151603714
1151,NAM-31,0.817559540271759,
1151,NAM-31,0.817559540271759,
1151,NAM-31,0.817559540271759,
1256,NAM-31,0.8094379305839539,0.2616895408037294
1256,NAM-31,0.8094379305839539,0.2616895408037294
1256,NAM-31,0.8094379305839539,0.2616895408037294
1256,NAM-31,0.8094379305839539,0.2616895408037294
1151,NAM-31,0.817559540271759,
1256,NAM-31,0.8094379305839539,0.2616895408037294
1307,NAM-31,0.8415522575378418,0.35313294151603714
S1110,NAM-76,0.8225396275520325,0.3774769177672965
S1340,NAM-76,0.8219713568687439,0.2620832946593623
1340,NAM-76,0.827488899230957,
1340,NAM-76,0.827488899230957,
1340,NAM-76,0.827488899230957,
S1215,NAM-76,0.8151273131370544,0.2597681799848601
1340,NAM-76,0.827488899230957,
S1340,NAM-76,0.8219713568687439,0.2620832946593623
1215,NAM-76,0.8210021257400513,0.3975446794059394
1215,NAM-76,0.8210021257400513,0.3975446794059394
1110,NAM-76,0.8118468523025513,1.1571934094160383
1110,NAM-76,0.8118468523025513,1.1571934094160383
S1110,NAM-76,0.8225396275520325,0.3774769177672965
S1340,NAM-76,0.8219713568687439,0.2620832946593623
1110,NAM-76,0.8118468523025513,1.1571934094160383
S1110,NAM-76,0.8225396275520325,0.3774769177672965
S1215,NAM-76,0.8151273131370544,0.2597681799848601
1110,NAM-76,0.8118468523025513,1.1571934094160383
S1110,NAM-76,0.8225396275520325,0.3774769177672965
1215,NAM-76,0.8210021257400513,0.3975446794059394
S1215,NAM-76,0.8151273131370544,0.2597681799848601
S1340,NAM-76,0.8219713568687439,0.2620832946593623
S1215,NAM-76,0.8151273131370544,0.2597681799848601
1215,NAM-76,0.8210021257400513,0.3975446794059394
S1340,NAM-76,0.8219713568687439,0.2620832946593623
1215,NAM-76,0.8210021257400513,0.3975446794059394
1340,NAM-76,0.827488899230957,
S1110,NAM-76,0.8225396275520325,0.3774769177672965
1110,NAM-76,0.8118468523025513,1.1571934094160383
S1215,NAM-76,0.8151273131370544,0.2597681799848601
S1312,NAM-79,0.7890605330467224,0.45963635237097833
1312,NAM-79,0.79362952709198,0.34165740599610217
S1130,NAM-79,0.7466708421707153,0.6197897444001228
1244,NAM-79,0.7906628847122192,0.7748319965344876
S1244,NAM-79,0.8103303909301758,0.5928456399911965
1312,NAM-79,0.79362952709198,0.34165740599610217
1130,NAM-79,0.7476633191108704,0.5898795297597985
1130,NAM-79,0.7476633191108704,0.5898795297597985
S1130,NAM-79,0.7466708421707153,0.6197897444001228
1244,NAM-79,0.7906628847122192,0.7748319965344876
S1312,NAM-79,0.7890605330467224,0.45963635237097833
1130,NAM-79,0.7476633191108704,0.5898795297597985
S1244,NAM-79,0.8103303909301758,0.5928456399911965
S1244,NAM-79,0.8103303909301758,0.5928456399911965
1244,NAM-79,0.7906628847122192,0.7748319965344876
1312,NAM-79,0.79362952709198,0.34165740599610217
1244,NAM-79,0.7906628847122192,0.7748319965344876
S1312,NAM-79,0.7890605330467224,0.45963635237097833
1312,NAM-79,0.79362952709198,0.34165740599610217
S1312,NAM-79,0.7890605330467224,0.45963635237097833
1130,NAM-79,0.7476633191108704,0.5898795297597985
1130,NAM-79,0.7476633191108704,0.5898795297597985
S1130,NAM-79,0.7466708421707153,0.6197897444001228
1244,NAM-79,0.7906628847122192,0.7748319965344876
S1244,NAM-79,0.8103303909301758,0.5928456399911965
S1130,NAM-79,0.7466708421707153,0.6197897444001228
S1244,NAM-79,0.8103303909301758,0.5928456399911965
S1130,NAM-79,0.7466708421707153,0.6197897444001228
S1312,NAM-79,0.7890605330467224,0.45963635237097833
1312,NAM-79,0.79362952709198,0.34165740599610217
1213,NAM-43,0.7569755911827087,0.5399605255026358
S1331,NAM-43,0.691243588924408,0.8573679785866375
1213,NAM-43,0.7569755911827087,0.5399605255026358
S1331,NAM-43,0.691243588924408,0.8573679785866375
S1331,NAM-43,0.691243588924408,0.8573679785866375
S1213,NAM-43,0.7434293627738953,0.5939895781233417
S1156,NAM-43,0.7448199987411499,
1156,NAM-43,0.7632686495780945,1.4237320381753307
1331,NAM-43,0.7137224078178406,1.35556849240146
1156,NAM-43,0.7632686495780945,1.4237320381753307
S1156,NAM-43,0.7448199987411499,
S1213,NAM-43,0.7434293627738953,0.5939895781233417
S1213,NAM-43,0.7434293627738953,0.5939895781233417
S1156,NAM-43,0.7448199987411499,
S1213,NAM-43,0.7434293627738953,0.5939895781233417
1156,NAM-43,0.7632686495780945,1.4237320381753307
S1156,NAM-43,0.7448199987411499,
1213,NAM-43,0.7569755911827087,0.5399605255026358
S1331,NAM-43,0.691243588924408,0.8573679785866375
1331,NAM-43,0.7137224078178406,1.35556849240146
1213,NAM-43,0.7569755911827087,0.5399605255026358
1156,NAM-43,0.7632686495780945,1.4237320381753307
1331,NAM-43,0.7137224078178406,1.35556849240146
1213,NAM-43,0.7569755911827087,0.5399605255026358
1331,NAM-43,0.7137224078178406,1.35556849240146
1331,NAM-43,0.7137224078178406,1.35556849240146
1156,NAM-43,0.7632686495780945,1.4237320381753307
S1213,NAM-43,0.7434293627738953,0.5939895781233417
S1156,NAM-43,0.7448199987411499,
S1331,NAM-43,0.691243588924408,0.8573679785866375
1253,NAM-56,0.8439362049102783,1.1021537001377624
1135,NAM-56,0.8367222547531128,0.92815746106902
1253,NAM-56,0.8439362049102783,1.1021537001377624
1135,NAM-56,0.8367222547531128,0.92815746106902
1346,NAM-56,0.8508328795433044,1.2742617228448694
1253,NAM-56,0.8439362049102783,1.1021537001377624
1253,NAM-56,0.8439362049102783,1.1021537001377624
1135,NAM-56,0.8367222547531128,0.92815746106902
1346,NAM-56,0.8508328795433044,1.2742617228448694
1135,NAM-56,0.8367222547531128,0.92815746106902
1346,NAM-56,0.8508328795433044,1.2742617228448694
1135,NAM-56,0.8367222547531128,0.92815746106902
1346,NAM-56,0.8508328795433044,1.2742617228448694
1253,NAM-56,0.8439362049102783,1.1021537001377624
1346,NAM-56,0.8508328795433044,1.2742617228448694
1149,NAM-8,0.8221848011016846,0.26801577897020934
1149,NAM-8,0.8221848011016846,0.26801577897020934
1226,NAM-8,0.829874575138092,0.6331937712762965
1334,NAM-8,0.847568929195404,0.9160562719354743
1226,NAM-8,0.829874575138092,0.6331937712762965
1226,NAM-8,0.829874575138092,0.6331937712762965
1226,NAM-8,0.829874575138092,0.6331937712762965
1334,NAM-8,0.847568929195404,0.9160562719354743
1226,NAM-8,0.829874575138092,0.6331937712762965
1334,NAM-8,0.847568929195404,0.9160562719354743
1149,NAM-8,0.8221848011016846,0.26801577897020934
1334,NAM-8,0.847568929195404,0.9160562719354743
1149,NAM-8,0.8221848011016846,0.26801577897020934
1334,NAM-8,0.847568929195404,0.9160562719354743
1149,NAM-8,0.8221848011016846,0.26801577897020934
1332,NAM-4,0.7731881737709045,1.0911097546148767
1247,NAM-4,0.7984986305236816,0.244624559675799
1102,NAM-4,0.7775603532791138,
1247,NAM-4,0.7984986305236816,0.244624559675799
1102,NAM-4,0.7775603532791138,
1247,NAM-4,0.7984986305236816,0.244624559675799
1332,NAM-4,0.7731881737709045,1.0911097546148767
1102,NAM-4,0.7775603532791138,
1332,NAM-4,0.7731881737709045,1.0911097546148767
1332,NAM-4,0.7731881737709045,1.0911097546148767
1247,NAM-4,0.7984986305236816,0.244624559675799
1102,NAM-4,0.7775603532791138,
1332,NAM-4,0.7731881737709045,1.0911097546148767
1102,NAM-4,0.7775603532791138,
1247,NAM-4,0.7984986305236816,0.244624559675799
1329,NAM-88,0.8550363779067993,1.3056031305052898
1229,NAM-88,0.8689970970153809,1.1766124185343756
1329,NAM-88,0.8550363779067993,1.3056031305052898
1129,NAM-88,0.8294818997383118,1.0551159374456347
1229,NAM-88,0.8689970970153809,1.1766124185343756
1229,NAM-88,0.8689970970153809,1.1766124185343756
1229,NAM-88,0.8689970970153809,1.1766124185343756
1129,NAM-88,0.8294818997383118,1.0551159374456347
1329,NAM-88,0.8550363779067993,1.3056031305052898
1329,NAM-88,0.8550363779067993,1.3056031305052898
1329,NAM-88,0.8550363779067993,1.3056031305052898
1129,NAM-88,0.8294818997383118,1.0551159374456347
1129,NAM-88,0.8294818997383118,1.0551159374456347
1229,NAM-88,0.8689970970153809,1.1766124185343756
1129,NAM-88,0.8294818997383118,1.0551159374456347
1145,NAM-42,0.8274374008178711,0.5448838094285975
1352,NAM-42,0.8507182002067566,
1352,NAM-42,0.8507182002067566,
1352,NAM-42,0.8507182002067566,
1145,NAM-42,0.8274374008178711,0.5448838094285975
1249,NAM-42,0.8483415842056274,0.5706971938166703
1145,NAM-42,0.8274374008178711,0.5448838094285975
1352,NAM-42,0.8507182002067566,
1249,NAM-42,0.8483415842056274,0.5706971938166703
1249,NAM-42,0.8483415842056274,0.5706971938166703
1145,NAM-42,0.8274374008178711,0.5448838094285975
1249,NAM-42,0.8483415842056274,0.5706971938166703
1352,NAM-42,0.8507182002067566,
1145,NAM-42,0.8274374008178711,0.5448838094285975
1249,NAM-42,0.8483415842056274,0.5706971938166703
1136,NAM-75,0.8140365481376648,0.49647076747328356
1251,NAM-75,0.8270572423934937,0.5518561103442607
1342,NAM-75,0.8289179801940918,
1251,NAM-75,0.8270572423934937,0.5518561103442607
1342,NAM-75,0.8289179801940918,
1251,NAM-75,0.8270572423934937,0.5518561103442607
1251,NAM-75,0.8270572423934937,0.5518561103442607
1136,NAM-75,0.8140365481376648,0.49647076747328356
1136,NAM-75,0.8140365481376648,0.49647076747328356
1342,NAM-75,0.8289179801940918,
1251,NAM-75,0.8270572423934937,0.5518561103442607
1342,NAM-75,0.8289179801940918,
1136,NAM-75,0.8140365481376648,0.49647076747328356
1342,NAM-75,0.8289179801940918,
1136,NAM-75,0.8140365481376648,0.49647076747328356
1241,NAM-82,0.842157244682312,0.32736580937671533
1322,NAM-82,0.8311232328414917,0.8004950094584729
1241,NAM-82,0.842157244682312,0.32736580937671533
1322,NAM-82,0.8311232328414917,0.8004950094584729
1104,NAM-82,0.8239688277244568,0.6352825980142711
1241,NAM-82,0.842157244682312,0.32736580937671533
1104,NAM-82,0.8239688277244568,0.6352825980142711
1322,NAM-82,0.8311232328414917,0.8004950094584729
1104,NAM-82,0.8239688277244568,0.6352825980142711
1322,NAM-82,0.8311232328414917,0.8004950094584729
1241,NAM-82,0.842157244682312,0.32736580937671533
1241,NAM-82,0.842157244682312,0.32736580937671533
1104,NAM-82,0.8239688277244568,0.6352825980142711
1104,NAM-82,0.8239688277244568,0.6352825980142711
1322,NAM-82,0.8311232328414917,0.8004950094584729
1345,NAM-5,0.7511721849441528,0.6856415265215787
1225,NAM-5,0.7557961344718933,0.7799413236382975
S1345,NAM-5,0.7554529309272766,
1345,NAM-5,0.7511721849441528,0.6856415265215787
S1142,NAM-5,0.8090315461158752,0.8000118359584576
S1225,NAM-5,0.7576229572296143,0.509780617739807
1142,NAM-5,0.8044329881668091,0.6683814430423922
S1345,NAM-5,0.7554529309272766,
S1225,NAM-5,0.7576229572296143,0.509780617739807
1142,NAM-5,0.8044329881668091,0.6683814430423922
S1142,NAM-5,0.8090315461158752,0.8000118359584576
1225,NAM-5,0.7557961344718933,0.7799413236382975
S1142,NAM-5,0.8090315461158752,0.8000118359584576
S1225,NAM-5,0.7576229572296143,0.509780617739807
1142,NAM-5,0.8044329881668091,0.6683814430423922
1225,NAM-5,0.7557961344718933,0.7799413236382975
S1225,NAM-5,0.7576229572296143,0.509780617739807
1345,NAM-5,0.7511721849441528,0.6856415265215787
1225,NAM-5,0.7557961344718933,0.7799413236382975
1345,NAM-5,0.7511721849441528,0.6856415265215787
S1345,NAM-5,0.7554529309272766,
S1142,NAM-5,0.8090315461158752,0.8000118359584576
1345,NAM-5,0.7511721849441528,0.6856415265215787
S1345,NAM-5,0.7554529309272766,
1225,NAM-5,0.7557961344718933,0.7799413236382975
S1345,NAM-5,0.7554529309272766,
1142,NAM-5,0.8044329881668091,0.6683814430423922
S1142,NAM-5,0.8090315461158752,0.8000118359584576
S1225,NAM-5,0.7576229572296143,0.509780617739807
1142,NAM-5,0.8044329881668091,0.6683814430423922
1227,NAM-1,0.8174533843994141,0.5013358153869376
1134,NAM-1,0.8060697913169861,0.7488746323853661
1227,NAM-1,0.8174533843994141,0.5013358153869376
1134,NAM-1,0.8060697913169861,0.7488746323853661
1338,NAM-1,0.818854033946991,1.21781003844319
1338,NAM-1,0.818854033946991,1.21781003844319
1227,NAM-1,0.8174533843994141,0.5013358153869376
1134,NAM-1,0.8060697913169861,0.7488746323853661
1134,NAM-1,0.8060697913169861,0.7488746323853661
1227,NAM-1,0.8174533843994141,0.5013358153869376
1338,NAM-1,0.818854033946991,1.21781003844319
1227,NAM-1,0.8174533843994141,0.5013358153869376
1134,NAM-1,0.8060697913169861,0.7488746323853661
1338,NAM-1,0.818854033946991,1.21781003844319
1338,NAM-1,0.818854033946991,1.21781003844319
1228,NAM-34,0.7620500922203064,1.2112185537719142
1315,NAM-34,0.8076992630958557,0.6713409260275398
1228,NAM-34,0.7620500922203064,1.2112185537719142
1112,NAM-34,0.7594988346099854,0.5114382871074667
1112,NAM-34,0.7594988346099854,0.5114382871074667
1315,NAM-34,0.8076992630958557,0.6713409260275398
1112,NAM-34,0.7594988346099854,0.5114382871074667
1228,NAM-34,0.7620500922203064,1.2112185537719142
1112,NAM-34,0.7594988346099854,0.5114382871074667
1112,NAM-34,0.7594988346099854,0.5114382871074667
1228,NAM-34,0.7620500922203064,1.2112185537719142
1315,NAM-34,0.8076992630958557,0.6713409260275398
1228,NAM-34,0.7620500922203064,1.2112185537719142
1315,NAM-34,0.8076992630958557,0.6713409260275398
1315,NAM-34,0.8076992630958557,0.6713409260275398
1207,NAM-53,0.8186163902282715,0.6093997500887554
1321,NAM-53,0.8507171273231506,
1321,NAM-53,0.8507171273231506,
1207,NAM-53,0.8186163902282715,0.6093997500887554
1153,NAM-53,0.8340957760810852,0.44267788017043586
1207,NAM-53,0.8186163902282715,0.6093997500887554
1153,NAM-53,0.8340957760810852,0.44267788017043586
1321,NAM-53,0.8507171273231506,
1207,NAM-53,0.8186163902282715,0.6093997500887554
1321,NAM-53,0.8507171273231506,
1153,NAM-53,0.8340957760810852,0.44267788017043586
1321,NAM-53,0.8507171273231506,
1153,NAM-53,0.8340957760810852,0.44267788017043586
1153,NAM-53,0.8340957760810852,0.44267788017043586
1207,NAM-53,0.8186163902282715,0.6093997500887554
1231,NAM-37,0.838083803653717,0.40931242692931846
S1320,NAM-37,0.8393925428390503,
S1320,NAM-37,0.8393925428390503,
S1320,NAM-37,0.8393925428390503,
1231,NAM-37,0.838083803653717,0.40931242692931846
S1320,NAM-37,0.8393925428390503,
1127,NAM-37,0.8287756443023682,0.4115748532172461
S1127,NAM-37,0.8304592967033386,0.6149725578413268
1320,NAM-37,0.8381803035736084,0.9882454253143464
1127,NAM-37,0.8287756443023682,0.4115748532172461
1320,NAM-37,0.8381803035736084,0.9882454253143464
S1231,NAM-37,0.8352907299995422,0.4269730135454779
S1127,NAM-37,0.8304592967033386,0.6149725578413268
1127,NAM-37,0.8287756443023682,0.4115748532172461
1320,NAM-37,0.8381803035736084,0.9882454253143464
S1127,NAM-37,0.8304592967033386,0.6149725578413268
1127,NAM-37,0.8287756443023682,0.4115748532172461
S1320,NAM-37,0.8393925428390503,
1231,NAM-37,0.838083803653717,0.40931242692931846
1320,NAM-37,0.8381803035736084,0.9882454253143464
S1231,NAM-37,0.8352907299995422,0.4269730135454779
1231,NAM-37,0.838083803653717,0.40931242692931846
1231,NAM-37,0.838083803653717,0.40931242692931846
1320,NAM-37,0.8381803035736084,0.9882454253143464
1127,NAM-37,0.8287756443023682,0.4115748532172461
S1231,NAM-37,0.8352907299995422,0.4269730135454779
S1231,NAM-37,0.8352907299995422,0.4269730135454779
S1127,NAM-37,0.8304592967033386,0.6149725578413268
S1127,NAM-37,0.8304592967033386,0.6149725578413268
S1231,NAM-37,0.8352907299995422,0.4269730135454779
1235,NAM-25,0.8421251177787781,
1353,NAM-25,0.804781436920166,1.1260671197628653
1235,NAM-25,0.8421251177787781,
1235,NAM-25,0.8421251177787781,
1155,NAM-25,0.8130099773406982,
1155,NAM-25,0.8130099773406982,
1353,NAM-25,0.804781436920166,1.1260671197628653
1353,NAM-25,0.804781436920166,1.1260671197628653
1235,NAM-25,0.8421251177787781,
1353,NAM-25,0.804781436920166,1.1260671197628653
1235,NAM-25,0.8421251177787781,
1155,NAM-25,0.8130099773406982,
1353,NAM-25,0.804781436920166,1.1260671197628653
1155,NAM-25,0.8130099773406982,
1155,NAM-25,0.8130099773406982,
1109,NAM-57,0.8545640110969543,0.7110047714986649
1109,NAM-57,0.8545640110969543,0.7110047714986649
1232,NAM-57,0.8616586923599243,2.4362886850902896
1305,NAM-57,0.8508089780807495,0.9145835410917584
1232,NAM-57,0.8616586923599243,2.4362886850902896
1305,NAM-57,0.8508089780807495,0.9145835410917584
1232,NAM-57,0.8616586923599243,2.4362886850902896
1232,NAM-57,0.8616586923599243,2.4362886850902896
1109,NAM-57,0.8545640110969543,0.7110047714986649
1109,NAM-57,0.8545640110969543,0.7110047714986649
1305,NAM-57,0.8508089780807495,0.9145835410917584
1109,NAM-57,0.8545640110969543,0.7110047714986649
1305,NAM-57,0.8508089780807495,0.9145835410917584
1232,NAM-57,0.8616586923599243,2.4362886850902896
1305,NAM-57,0.8508089780807495,0.9145835410917584
1308,YN04-C1213,0.8297145366668701,
S1216,YN04-C1213,0.8232036828994751,0.6257592926758093
S1216,YN04-C1213,0.8232036828994751,0.6257592926758093
1216,YN04-C1213,0.8141822814941406,
1119,YN04-C1213,0.8213784098625183,
S1119,YN04-C1213,0.7978594303131104,
1119,YN04-C1213,0.8213784098625183,
1308,YN04-C1213,0.8297145366668701,
S1119,YN04-C1213,0.7978594303131104,
S1216,YN04-C1213,0.8232036828994751,0.6257592926758093
S1308,YN04-C1213,0.8354028463363647,0.3251349652658746
1119,YN04-C1213,0.8213784098625183,
1308,YN04-C1213,0.8297145366668701,
S1216,YN04-C1213,0.8232036828994751,0.6257592926758093
S1119,YN04-C1213,0.7978594303131104,
1308,YN04-C1213,0.8297145366668701,
1119,YN04-C1213,0.8213784098625183,
S1119,YN04-C1213,0.7978594303131104,
1216,YN04-C1213,0.8141822814941406,
S1308,YN04-C1213,0.8354028463363647,0.3251349652658746
S1119,YN04-C1213,0.7978594303131104,
1216,YN04-C1213,0.8141822814941406,
S1308,YN04-C1213,0.8354028463363647,0.3251349652658746
S1216,YN04-C1213,0.8232036828994751,0.6257592926758093
S1308,YN04-C1213,0.8354028463363647,0.3251349652658746
1216,YN04-C1213,0.8141822814941406,
1308,YN04-C1213,0.8297145366668701,
1119,YN04-C1213,0.8213784098625183,
1216,YN04-C1213,0.8141822814941406,
S1308,YN04-C1213,0.8354028463363647,0.3251349652658746
1323,NAM-68,0.7830963730812073,
1152,NAM-68,0.796644389629364,
1221,NAM-68,0.7853646278381348,0.7759065084502481
1323,NAM-68,0.7830963730812073,
1152,NAM-68,0.796644389629364,
1152,NAM-68,0.796644389629364,
1221,NAM-68,0.7853646278381348,0.7759065084502481
1221,NAM-68,0.7853646278381348,0.7759065084502481
1323,NAM-68,0.7830963730812073,
1152,NAM-68,0.796644389629364,
1323,NAM-68,0.7830963730812073,
1323,NAM-68,0.7830963730812073,
1152,NAM-68,0.796644389629364,
1221,NAM-68,0.7853646278381348,0.7759065084502481
1221,NAM-68,0.7853646278381348,0.7759065084502481
1202,NAM-0,0.8186625242233276,
S1146,NAM-0,0.8296273946762085,1.3654195106939824
S1348,NAM-0,0.8362431526184082,1.135758283464611
S1146,NAM-0,0.8296273946762085,1.3654195106939824
S1202,NAM-0,0.8327210545539856,0.3919600741858176
1146,NAM-0,0.837140679359436,1.9881504595326192
S1202,NAM-0,0.8327210545539856,0.3919600741858176
S1348,NAM-0,0.8362431526184082,1.135758283464611
S1202,NAM-0,0.8327210545539856,0.3919600741858176
1146,NAM-0,0.837140679359436,1.9881504595326192
1348,NAM-0,0.8327686190605164,0.7070858530217947
1348,NAM-0,0.8327686190605164,0.7070858530217947
S1146,NAM-0,0.8296273946762085,1.3654195106939824
1146,NAM-0,0.837140679359436,1.9881504595326192
1348,NAM-0,0.8327686190605164,0.7070858530217947
1146,NAM-0,0.837140679359436,1.9881504595326192
S1146,NAM-0,0.8296273946762085,1.3654195106939824
1348,NAM-0,0.8327686190605164,0.7070858530217947
S1146,NAM-0,0.8296273946762085,1.3654195106939824
S1202,NAM-0,0.8327210545539856,0.3919600741858176
1348,NAM-0,0.8327686190605164,0.7070858530217947
1202,NAM-0,0.8186625242233276,
S1348,NAM-0,0.8362431526184082,1.135758283464611
S1202,NAM-0,0.8327210545539856,0.3919600741858176
1202,NAM-0,0.8186625242233276,
1202,NAM-0,0.8186625242233276,
S1348,NAM-0,0.8362431526184082,1.135758283464611
S1348,NAM-0,0.8362431526184082,1.135758283464611
1202,NAM-0,0.8186625242233276,
1146,NAM-0,0.837140679359436,1.9881504595326192
S1250,NAM-48,0.8427857160568237,
S1326,NAM-48,0.8320445418357849,0.7659479097038684
S1143,NAM-48,0.8366979360580444,0.9565165671758109
1143,NAM-48,0.8225917220115662,0.801795646479377
S1326,NAM-48,0.8320445418357849,0.7659479097038684
S1250,NAM-48,0.8427857160568237,
1326,NAM-48,0.8227064609527588,
1250,NAM-48,0.8366958498954773,0.3513267793889554
S1143,NAM-48,0.8366979360580444,0.9565165671758109
1143,NAM-48,0.8225917220115662,0.801795646479377
1250,NAM-48,0.8366958498954773,0.3513267793889554
S1326,NAM-48,0.8320445418357849,0.7659479097038684
1326,NAM-48,0.8227064609527588,
S1143,NAM-48,0.8366979360580444,0.9565165671758109
1143,NAM-48,0.8225917220115662,0.801795646479377
S1250,NAM-48,0.8427857160568237,
1326,NAM-48,0.8227064609527588,
S1326,NAM-48,0.8320445418357849,0.7659479097038684
1143,NAM-48,0.8225917220115662,0.801795646479377
S1143,NAM-48,0.8366979360580444,0.9565165671758109
1326,NAM-48,0.8227064609527588,
S1250,NAM-48,0.8427857160568237,
S1326,NAM-48,0.8320445418357849,0.7659479097038684
1143,NAM-48,0.8225917220115662,0.801795646479377
1250,NAM-48,0.8366958498954773,0.3513267793889554
S1250,NAM-48,0.8427857160568237,
1250,NAM-48,0.8366958498954773,0.3513267793889554
1326,NAM-48,0.8227064609527588,
S1143,NAM-48,0.8366979360580444,0.9565165671758109
1250,NAM-48,0.8366958498954773,0.3513267793889554
1214,NAM-51,0.7937153577804565,0.6198036293469613
1339,NAM-51,0.775587797164917,1.2705623953904706
1339,NAM-51,0.775587797164917,1.2705623953904706
1339,NAM-51,0.775587797164917,1.2705623953904706
1103,NAM-51,0.7656168341636658,1.2392040026560949
1103,NAM-51,0.7656168341636658,1.2392040026560949
1103,NAM-51,0.7656168341636658,1.2392040026560949
1214,NAM-51,0.7937153577804565,0.6198036293469613
1214,NAM-51,0.7937153577804565,0.6198036293469613
1339,NAM-51,0.775587797164917,1.2705623953904706
1214,NAM-51,0.7937153577804565,0.6198036293469613
1339,NAM-51,0.775587797164917,1.2705623953904706
1103,NAM-51,0.7656168341636658,1.2392040026560949
1214,NAM-51,0.7937153577804565,0.6198036293469613
1103,NAM-51,0.7656168341636658,1.2392040026560949
1150,NAM-14,0.8334657549858093,1.091758417046094
1243,NAM-14,0.8550095558166504,
1243,NAM-14,0.8550095558166504,
1341,NAM-14,0.857631504535675,1.019290607766493
1150,NAM-14,0.8334657549858093,1.091758417046094
1341,NAM-14,0.857631504535675,1.019290607766493
S1341,NAM-14,0.859916090965271,0.9683091708125744
1150,NAM-14,0.8334657549858093,1.091758417046094
S1150,NAM-14,0.8394758701324463,1.0883830756703787
S1341,NAM-14,0.859916090965271,0.9683091708125744
1243,NAM-14,0.8550095558166504,
1341,NAM-14,0.857631504535675,1.019290607766493
S1150,NAM-14,0.8394758701324463,1.0883830756703787
S1150,NAM-14,0.8394758701324463,1.0883830756703787
1150,NAM-14,0.8334657549858093,1.091758417046094
1243,NAM-14,0.8550095558166504,
1341,NAM-14,0.857631504535675,1.019290607766493
1150,NAM-14,0.8334657549858093,1.091758417046094
S1243,NAM-14,0.8593844771385193,0.35249854154460536
1243,NAM-14,0.8550095558166504,
S1243,NAM-14,0.8593844771385193,0.35249854154460536
S1150,NAM-14,0.8394758701324463,1.0883830756703787
S1341,NAM-14,0.859916090965271,0.9683091708125744
S1341,NAM-14,0.859916090965271,0.9683091708125744
S1243,NAM-14,0.8593844771385193,0.35249854154460536
S1243,NAM-14,0.8593844771385193,0.35249854154460536
S1150,NAM-14,0.8394758701324463,1.0883830756703787
S1243,NAM-14,0.8593844771385193,0.35249854154460536
1341,NAM-14,0.857631504535675,1.019290607766493
S1341,NAM-14,0.859916090965271,0.9683091708125744
1128,NAM-85,0.8155894875526428,0.7685580427172454
1343,NAM-85,0.8022027611732483,
1343,NAM-85,0.8022027611732483,
1128,NAM-85,0.8155894875526428,0.7685580427172454
1246,NAM-85,0.8267470002174377,1.2776247297763916
1128,NAM-85,0.8155894875526428,0.7685580427172454
1246,NAM-85,0.8267470002174377,1.2776247297763916
1343,NAM-85,0.8022027611732483,
1128,NAM-85,0.8155894875526428,0.7685580427172454
1343,NAM-85,0.8022027611732483,
1343,NAM-85,0.8022027611732483,
1246,NAM-85,0.8267470002174377,1.2776247297763916
1246,NAM-85,0.8267470002174377,1.2776247297763916
1246,NAM-85,0.8267470002174377,1.2776247297763916
1128,NAM-85,0.8155894875526428,0.7685580427172454
1220,NAM-87,0.8426448702812195,1.521822221900095
1220,NAM-87,0.8426448702812195,1.521822221900095
1301,NAM-87,0.8698077201843262,1.1421451401342324
1147,NAM-87,0.8549191951751709,
1147,NAM-87,0.8549191951751709,
1147,NAM-87,0.8549191951751709,
1220,NAM-87,0.8426448702812195,1.521822221900095
1301,NAM-87,0.8698077201843262,1.1421451401342324
1301,NAM-87,0.8698077201843262,1.1421451401342324
1147,NAM-87,0.8549191951751709,
1220,NAM-87,0.8426448702812195,1.521822221900095
1220,NAM-87,0.8426448702812195,1.521822221900095
1147,NAM-87,0.8549191951751709,
1301,NAM-87,0.8698077201843262,1.1421451401342324
1301,NAM-87,0.8698077201843262,1.1421451401342324
1344,NAM-26,0.8208928108215332,
1218,NAM-26,0.8195914030075073,0.8724948294554906
1107,NAM-26,0.8291751742362976,2.064671221479557
1107,NAM-26,0.8291751742362976,2.064671221479557
1218,NAM-26,0.8195914030075073,0.8724948294554906
1344,NAM-26,0.8208928108215332,
1344,NAM-26,0.8208928108215332,
1344,NAM-26,0.8208928108215332,
1344,NAM-26,0.8208928108215332,
1107,NAM-26,0.8291751742362976,2.064671221479557
1107,NAM-26,0.8291751742362976,2.064671221479557
1218,NAM-26,0.8195914030075073,0.8724948294554906
1107,NAM-26,0.8291751742362976,2.064671221479557
1218,NAM-26,0.8195914030075073,0.8724948294554906
1218,NAM-26,0.8195914030075073,0.8724948294554906
1337,NAM-33,0.8535762429237366,
1337,NAM-33,0.8535762429237366,
1337,NAM-33,0.8535762429237366,
1123,NAM-33,0.8315853476524353,2.869847162383735
1337,NAM-33,0.8535762429237366,
1123,NAM-33,0.8315853476524353,2.869847162383735
1123,NAM-33,0.8315853476524353,2.869847162383735
1239,NAM-33,0.8500537872314453,0.8101295180753141
1123,NAM-33,0.8315853476524353,2.869847162383735
1239,NAM-33,0.8500537872314453,0.8101295180753141
1239,NAM-33,0.8500537872314453,0.8101295180753141
1239,NAM-33,0.8500537872314453,0.8101295180753141
1123,NAM-33,0.8315853476524353,2.869847162383735
1337,NAM-33,0.8535762429237366,
1239,NAM-33,0.8500537872314453,0.8101295180753141
1304,NAM-71,0.798699676990509,
1133,NAM-71,0.8131332993507385,
1237,NAM-71,0.84214186668396,0.5611384874516716
1237,NAM-71,0.84214186668396,0.5611384874516716
1237,NAM-71,0.84214186668396,0.5611384874516716
1304,NAM-71,0.798699676990509,
1133,NAM-71,0.8131332993507385,
1304,NAM-71,0.798699676990509,
1133,NAM-71,0.8131332993507385,
1133,NAM-71,0.8131332993507385,
1304,NAM-71,0.798699676990509,
1237,NAM-71,0.84214186668396,0.5611384874516716
1133,NAM-71,0.8131332993507385,
1304,NAM-71,0.798699676990509,
1237,NAM-71,0.84214186668396,0.5611384874516716
1310,NAM-66,0.8443685173988342,0.9745928016160406
1310,NAM-66,0.8443685173988342,0.9745928016160406
1230,NAM-66,0.8632383346557617,0.3895251470115113
1230,NAM-66,0.8632383346557617,0.3895251470115113
1310,NAM-66,0.8443685173988342,0.9745928016160406
1106,NAM-66,0.8441793918609619,
1230,NAM-66,0.8632383346557617,0.3895251470115113
1106,NAM-66,0.8441793918609619,
1310,NAM-66,0.8443685173988342,0.9745928016160406
1106,NAM-66,0.8441793918609619,
1106,NAM-66,0.8441793918609619,
1106,NAM-66,0.8441793918609619,
1230,NAM-66,0.8632383346557617,0.3895251470115113
1310,NAM-66,0.8443685173988342,0.9745928016160406
1230,NAM-66,0.8632383346557617,0.3895251470115113
S1302,NAM-23,0.8511216044425964,1.6091203494211186
S1122,NAM-23,0.8434314727783203,
S1122,NAM-23,0.8434314727783203,
S1222,NAM-23,0.8265962600708008,0.3044857165806434
1222,NAM-23,0.8165154457092285,0.8336606473407642
S1302,NAM-23,0.8511216044425964,1.6091203494211186
1302,NAM-23,0.8274660706520081,0.9203215311510462
1122,NAM-23,0.8378621339797974,1.4904539078937091
S1122,NAM-23,0.8434314727783203,
1222,NAM-23,0.8165154457092285,0.8336606473407642
S1222,NAM-23,0.8265962600708008,0.3044857165806434
S1222,NAM-23,0.8265962600708008,0.3044857165806434
1302,NAM-23,0.8274660706520081,0.9203215311510462
S1222,NAM-23,0.8265962600708008,0.3044857165806434
1302,NAM-23,0.8274660706520081,0.9203215311510462
1122,NAM-23,0.8378621339797974,1.4904539078937091
1122,NAM-23,0.8378621339797974,1.4904539078937091
1222,NAM-23,0.8165154457092285,0.8336606473407642
1222,NAM-23,0.8165154457092285,0.8336606473407642
1222,NAM-23,0.8165154457092285,0.8336606473407642
S1222,NAM-23,0.8265962600708008,0.3044857165806434
S1302,NAM-23,0.8511216044425964,1.6091203494211186
S1122,NAM-23,0.8434314727783203,
1122,NAM-23,0.8378621339797974,1.4904539078937091
S1122,NAM-23,0.8434314727783203,
S1302,NAM-23,0.8511216044425964,1.6091203494211186
1302,NAM-23,0.8274660706520081,0.9203215311510462
1302,NAM-23,0.8274660706520081,0.9203215311510462
S1302,NAM-23,0.8511216044425964,1.6091203494211186
1122,NAM-23,0.8378621339797974,1.4904539078937091
1254,NAM-83,0.8402431011199951,0.9969437318574137
1108,NAM-83,0.8529800772666931,
1354,NAM-83,0.8335708975791931,0.4255612508046056
1354,NAM-83,0.8335708975791931,0.4255612508046056
1108,NAM-83,0.8529800772666931,
1254,NAM-83,0.8402431011199951,0.9969437318574137
1108,NAM-83,0.8529800772666931,
1354,NAM-83,0.8335708975791931,0.4255612508046056
1254,NAM-83,0.8402431011199951,0.9969437318574137
1254,NAM-83,0.8402431011199951,0.9969437318574137
1108,NAM-83,0.8529800772666931,
1354,NAM-83,0.8335708975791931,0.4255612508046056
1254,NAM-83,0.8402431011199951,0.9969437318574137
1354,NAM-83,0.8335708975791931,0.4255612508046056
1108,NAM-83,0.8529800772666931,
1240,NAM-28,0.8172262907028198,0.8745144198076105
1144,NAM-28,0.7931196093559265,
1144,NAM-28,0.7931196093559265,
1316,NAM-28,0.8403125405311584,0.7906859253257039
1144,NAM-28,0.7931196093559265,
1240,NAM-28,0.8172262907028198,0.8745144198076105
1240,NAM-28,0.8172262907028198,0.8745144198076105
1144,NAM-28,0.7931196093559265,
1316,NAM-28,0.8403125405311584,0.7906859253257039
1316,NAM-28,0.8403125405311584,0.7906859253257039
1240,NAM-28,0.8172262907028198,0.8745144198076105
1144,NAM-28,0.7931196093559265,
1240,NAM-28,0.8172262907028198,0.8745144198076105
1316,NAM-28,0.8403125405311584,0.7906859253257039
1316,NAM-28,0.8403125405311584,0.7906859253257039
S1351,NAM-13,0.8332680463790894,0.7803055532666576
1131,NAM-13,0.8193433880805969,0.6684525476323984
1212,NAM-13,0.8440515398979187,0.37005924224632736
S1131,NAM-13,0.8115048408508301,1.7326009883930737
S1212,NAM-13,0.8420337438583374,
1212,NAM-13,0.8440515398979187,0.37005924224632736
1351,NAM-13,0.831991970539093,0.5979880709309668
S1131,NAM-13,0.8115048408508301,1.7326009883930737
1131,NAM-13,0.8193433880805969,0.6684525476323984
1212,NAM-13,0.8440515398979187,0.37005924224632736
1351,NAM-13,0.831991970539093,0.5979880709309668
S1351,NAM-13,0.8332680463790894,0.7803055532666576
1131,NAM-13,0.8193433880805969,0.6684525476323984
S1212,NAM-13,0.8420337438583374,
1131,NAM-13,0.8193433880805969,0.6684525476323984
1212,NAM-13,0.8440515398979187,0.37005924224632736
S1212,NAM-13,0.8420337438583374,
1351,NAM-13,0.831991970539093,0.5979880709309668
S1351,NAM-13,0.8332680463790894,0.7803055532666576
S1351,NAM-13,0.8332680463790894,0.7803055532666576
S1351,NAM-13,0.8332680463790894,0.7803055532666576
1351,NAM-13,0.831991970539093,0.5979880709309668
1212,NAM-13,0.8440515398979187,0.37005924224632736
1131,NAM-13,0.8193433880805969,0.6684525476323984
S1212,NAM-13,0.8420337438583374,
S1131,NAM-13,0.8115048408508301,1.7326009883930737
S1212,NAM-13,0.8420337438583374,
S1131,NAM-13,0.8115048408508301,1.7326009883930737
S1131,NAM-13,0.8115048408508301,1.7326009883930737
1351,NAM-13,0.831991970539093,0.5979880709309668
1350,NAM-40,0.8518601059913635,
1139,NAM-40,0.8457475304603577,0.6603786448704909
1350,NAM-40,0.8518601059913635,
1217,NAM-40,0.8530736565589905,
1350,NAM-40,0.8518601059913635,
1217,NAM-40,0.8530736565589905,
1350,NAM-40,0.8518601059913635,
1139,NAM-40,0.8457475304603577,0.6603786448704909
1217,NAM-40,0.8530736565589905,
1217,NAM-40,0.8530736565589905,
1139,NAM-40,0.8457475304603577,0.6603786448704909
1217,NAM-40,0.8530736565589905,
1350,NAM-40,0.8518601059913635,
1139,NAM-40,0.8457475304603577,0.6603786448704909
1139,NAM-40,0.8457475304603577,0.6603786448704909
1115,NAM-73,0.8052330017089844,0.6379021034871926
1317,NAM-73,0.8291990160942078,0.5009262403195294
1115,NAM-73,0.8052330017089844,0.6379021034871926
1248,NAM-73,0.816742479801178,0.31637011870674314
1248,NAM-73,0.816742479801178,0.31637011870674314
1248,NAM-73,0.816742479801178,0.31637011870674314
1317,NAM-73,0.8291990160942078,0.5009262403195294
1115,NAM-73,0.8052330017089844,0.6379021034871926
1317,NAM-73,0.8291990160942078,0.5009262403195294
1115,NAM-73,0.8052330017089844,0.6379021034871926
1248,NAM-73,0.816742479801178,0.31637011870674314
1317,NAM-73,0.8291990160942078,0.5009262403195294
1317,NAM-73,0.8291990160942078,0.5009262403195294
1248,NAM-73,0.816742479801178,0.31637011870674314
1115,NAM-73,0.8052330017089844,0.6379021034871926
1255,NAM-32,0.8075018525123596,0.4485365853128087
S1319,NAM-32,0.8409404158592224,
1319,NAM-32,0.8277642130851746,0.4865199883641935
S1105,NAM-32,0.81041419506073,0.47961981554180966
S1105,NAM-32,0.81041419506073,0.47961981554180966
S1319,NAM-32,0.8409404158592224,
1105,NAM-32,0.808791995048523,0.8290480730868808
1255,NAM-32,0.8075018525123596,0.4485365853128087
1105,NAM-32,0.808791995048523,0.8290480730868808
1255,NAM-32,0.8075018525123596,0.4485365853128087
S1105,NAM-32,0.81041419506073,0.47961981554180966
S1105,NAM-32,0.81041419506073,0.47961981554180966
1319,NAM-32,0.8277642130851746,0.4865199883641935
1105,NAM-32,0.808791995048523,0.8290480730868808
S1255,NAM-32,0.8076649904251099,0.9982370948083599
1105,NAM-32,0.808791995048523,0.8290480730868808
1319,NAM-32,0.8277642130851746,0.4865199883641935
S1255,NAM-32,0.8076649904251099,0.9982370948083599
S1105,NAM-32,0.81041419506073,0.47961981554180966
S1319,NAM-32,0.8409404158592224,
1319,NAM-32,0.8277642130851746,0.4865199883641935
1255,NAM-32,0.8075018525123596,0.4485365853128087
S1319,NAM-32,0.8409404158592224,
S1255,NAM-32,0.8076649904251099,0.9982370948083599
S1319,NAM-32,0.8409404158592224,
1105,NAM-32,0.808791995048523,0.8290480730868808
S1255,NAM-32,0.8076649904251099,0.9982370948083599
1319,NAM-32,0.8277642130851746,0.4865199883641935
S1255,NAM-32,0.8076649904251099,0.9982370948083599
1255,NAM-32,0.8075018525123596,0.4485365853128087
1140,NAM-47,0.8322251439094543,0.8658483567743929
1140,NAM-47,0.8322251439094543,0.8658483567743929
1236,NAM-47,0.8573327660560608,0.8491470867418229
1140,NAM-47,0.8322251439094543,0.8658483567743929
1314,NAM-47,0.8469964265823364,0.4268099916842516
1236,NAM-47,0.8573327660560608,0.8491470867418229
1236,NAM-47,0.8573327660560608,0.8491470867418229
1314,NAM-47,0.8469964265823364,0.4268099916842516
1236,NAM-47,0.8573327660560608,0.8491470867418229
1314,NAM-47,0.8469964265823364,0.4268099916842516
1314,NAM-47,0.8469964265823364,0.4268099916842516
1140,NAM-47,0.8322251439094543,0.8658483567743929
1314,NAM-47,0.8469964265823364,0.4268099916842516
1236,NAM-47,0.8573327660560608,0.8491470867418229
1140,NAM-47,0.8322251439094543,0.8658483567743929
1211,NAM-86,0.822405219078064,0.6379662175648946
1318,NAM-86,0.8284080028533936,0.8745103333579323
1318,NAM-86,0.8284080028533936,0.8745103333579323
1211,NAM-86,0.822405219078064,0.6379662175648946
1211,NAM-86,0.822405219078064,0.6379662175648946
1318,NAM-86,0.8284080028533936,0.8745103333579323
1318,NAM-86,0.8284080028533936,0.8745103333579323
1137,NAM-86,0.8287836909294128,0.7852280949604733
1318,NAM-86,0.8284080028533936,0.8745103333579323
1137,NAM-86,0.8287836909294128,0.7852280949604733
1211,NAM-86,0.822405219078064,0.6379662175648946
1137,NAM-86,0.8287836909294128,0.7852280949604733
1137,NAM-86,0.8287836909294128,0.7852280949604733
1211,NAM-86,0.822405219078064,0.6379662175648946
1137,NAM-86,0.8287836909294128,0.7852280949604733